Smiles,Tg/℃
O=C1C2=C(CN1[*])C=C3C(C(N(C4=CC=CC=C4OC5=CC=C([*])C=C5)C3=O)=O)=C2,386
O=C(N1CCCCCCCCN2C(C3=C([*])C=CC=C3C2=O)=O)C4=C(C(OC5=CC=C(C=C5)OC6=CC=C(C=C6)O[*])=CC=C4)C1=O,128
O=C(N1CCCCCCCCN2C(C3=C([*])C=CC=C3C2=O)=O)C4=C(C(OC5=CC=C(C=C5)C(C(F)(F)F)(C(F)(F)F)C6=CC=C(C=C6)O[*])=CC=C4)C1=O,135
O=C(N1C2=CC=CC=C2OC3=CC=CC=C3N4C(C5=CC=C(C([*])=O)C=C5C4=O)=O)C6=CC([*])=CC=C6C1=O,289
O=C(N1C2=CC=CC=C2OC3=CC=CC(N4C(C5=CC=C(C([*])=O)C=C5C4=O)=O)=C3)C6=CC([*])=CC=C6C1=O,259
O=C(N1C2=CC=CC=C2OC3=CC=C(N4C(C5=CC=C(C([*])=O)C=C5C4=O)=O)C=C3)C6=CC([*])=CC=C6C1=O,287
O=C(N1C2=CC=CC=C2CC3=CC=CC=C3N4C(C5=CC=C(C([*])=O)C=C5C4=O)=O)C6=CC([*])=CC=C6C1=O,285
O=C(N1C2=CC=CC=C2CC3=CC=CC(N4C(C5=CC=C(C([*])=O)C=C5C4=O)=O)=C3)C6=CC([*])=CC=C6C1=O,258
O=C(N1C2=CC=CC=C2CC3=CC=C(N4C(C5=CC=C(C([*])=O)C=C5C4=O)=O)C=C3)C6=CC([*])=CC=C6C1=O,290
O=C(N1C2=CC=CC(S(C3=CC=CC(N4C(C5=CC=CC(O[*])=C5C4=O)=O)=C3)(=O)=O)=C2)C6=C([*])C=CC=C6C1=O,241
O=C(N1C2=CC=CC(S(C3=CC=CC(N4C(C5=CC=C(O[*])C=C5C4=O)=O)=C3)(=O)=O)=C2)C6=C([*])C=CC=C6C1=O,244
O=C(N1C2=CC=CC(OC3=CC=CC(OC4=CC=CC(N5C(C6=CC=CC([*])=C6C5=O)=O)=C4)=C3)=C2)C7=C([*])C=CC=C7C1=O,206
O=C(N1C2=CC=CC(OC3=CC=CC(OC4=CC=CC(N5C(C6=CC=C([*])C=C6C5=O)=O)=C4)=C3)=C2)C7=CC([*])=CC=C7C1=O,200
O=C(N1C2=CC=CC(OC3=CC=CC(OC4=CC=CC(N5C(C6=CC=C([*])C=C6C5=O)=O)=C4)=C3)=C2)C7=C([*])C=CC=C7C1=O,205
O=C(N1C2=CC=CC(OC3=CC=C(OC4=CC=C(N5C(C6=CC=CC(O[*])=C6C5=O)=O)C=C4)C=C3)=C2)C7=C([*])C=CC=C7C1=O,263
O=C(N1C2=CC=CC(OC3=CC=C(OC4=CC=C(N5C(C6=CC=C(O[*])C=C6C5=O)=O)C=C4)C=C3)=C2)C7=CC([*])=CC=C7C1=O,245
O=C(N1C2=CC=CC(OC3=CC=C(OC4=CC=C(N5C(C6=CC=C(O[*])C=C6C5=O)=O)C=C4)C=C3)=C2)C7=C([*])C=CC=C7C1=O,253
O=C(N1C2=CC=CC(OC3=CC=C(C(C(C=C4)=CC=C4OC5=CC=CC(N6C(C7=CC=CC(O[*])=C7C6=O)=O)=C5)=O)C=C3)=C2)C8=C([*])C=CC=C8C1=O,198
O=C(N1C2=CC=CC(OC3=CC=C(C(C(C=C4)=CC=C4OC5=CC=CC(N6C(C7=CC=C(O[*])C=C7C6=O)=O)=C5)=O)C=C3)=C2)C8=CC([*])=CC=C8C1=O,204
O=C(N1C2=CC=CC(OC3=CC=C(C(C(C=C4)=CC=C4OC5=CC=CC(N6C(C7=CC=C(O[*])C=C7C6=O)=O)=C5)=O)C=C3)=C2)C8=C([*])C=CC=C8C1=O,207
O=C(N1C2=CC=CC(OC3=CC(N4C(C5=CC=CC([*])=C5C4=O)=O)=CC=C3)=C2)C6=C([*])C=CC=C6C1=O,246
O=C(N1C2=CC=CC(OC3=CC(N4C(C5=CC=C([*])C=C5C4=O)=O)=CC=C3)=C2)C6=CC([*])=CC=C6C1=O,243
O=C(N1C2=CC=CC(OC3=CC(N4C(C5=CC=C([*])C=C5C4=O)=O)=CC=C3)=C2)C6=C([*])C=CC=C6C1=O,245
O=C(N1C2=CC=CC(N3C(C4=CC=CC(OC5=CC=CC(O[*])=C5)=C4C3=O)=O)=C2)C6=C([*])C=CC=C6C1=O,241
O=C(N1C2=CC=CC(N3C(C4=CC=CC(OC5=CC=C(SC6=CC=CC(O[*])=C6)C=C5)=C4C3=O)=O)=C2)C7=C([*])C=CC=C7C1=O,231
O=C(N1C2=CC=CC(N3C(C4=CC=CC(OC5=CC=C(S(C6=CC=CC(O[*])=C6)(=O)=O)C=C5)=C4C3=O)=O)=C2)C7=C([*])C=CC=C7C1=O,266
O=C(N1C2=CC=CC(N3C(C4=CC=CC(OC5=CC=C(OC6=CC=CC(O[*])=C6)C=C5)=C4C3=O)=O)=C2)C7=C([*])C=CC=C7C1=O,238
O=C(N1C2=CC=CC(N3C(C4=CC=CC(OC5=CC=C(O[*])C=C5)=C4C3=O)=O)=C2)C6=C([*])C=CC=C6C1=O,259
O=C(N1C2=CC=CC(N3C(C4=CC=CC(OC5=CC=C(C6=CC=C(O[*])C=C6)C=C5)=C4C3=O)=O)=C2)C7=C([*])C=CC=C7C1=O,275
O=C(N1C2=CC=CC(N3C(C4=CC=CC(OC5=CC=C(C(C6=CC=CC(O[*])=C6)=O)C=C5)=C4C3=O)=O)=C2)C7=C([*])C=CC=C7C1=O,248
O=C(N1C2=CC=CC(N3C(C4=CC=CC(OC5=CC=C(C(C)(C)C6=CC=CC(O[*])=C6)C=C5)=C4C3=O)=O)=C2)C7=C([*])C=CC=C7C1=O,236
O=C(N1C2=CC=CC(N3C(C4=CC=C(OC5=CC=CC(O[*])=C5)C=C4C3=O)=O)=C2)C6=CC([*])=CC=C6C1=O,224
O=C(N1C2=CC=CC(N3C(C4=CC=C(OC5=CC=C(SC6=CC=CC(O[*])=C6)C=C5)C=C4C3=O)=O)=C2)C7=CC([*])=CC=C7C1=O,209
O=C(N1C2=CC=CC(N3C(C4=CC=C(OC5=CC=C(S(C6=CC=CC(O[*])=C6)(=O)=O)C=C5)C=C4C3=O)=O)=C2)C7=CC([*])=CC=C7C1=O,265
O=C(N1C2=CC=CC(N3C(C4=CC=C(OC5=CC=C(OC6=CC=CC(O[*])=C6)C=C5)C=C4C3=O)=O)=C2)C7=CC([*])=CC=C7C1=O,227
O=C(N1C2=CC=CC(N3C(C4=CC=C(OC5=CC=C(O[*])C=C5)C=C4C3=O)=O)=C2)C6=CC([*])=CC=C6C1=O,255
O=C(N1C2=CC=CC(N3C(C4=CC=C(OC5=CC=C(C6=CC=C(O[*])C=C6)C=C5)C=C4C3=O)=O)=C2)C7=CC([*])=CC=C7C1=O,247
O=C(N1C2=CC=CC(N3C(C4=CC=C(OC5=CC=C(C(C6=CC=CC(O[*])=C6)=O)C=C5)C=C4C3=O)=O)=C2)C7=CC([*])=CC=C7C1=O,239
O=C(N1C2=CC=CC(N3C(C4=CC=C(OC5=CC=C(C(C)(C)C6=CC=CC(O[*])=C6)C=C5)C=C4C3=O)=O)=C2)C7=CC([*])=CC=C7C1=O,215
O=C(N1C2=CC=CC(N3C(C4=CC=C(O[*])C=C4C3=O)=O)=C2)C5=CC([*])=CC=C5C1=O,261
O=C(N1C2=CC=CC(N3C(C4=CC=C(CC5=CC=C(C(C)(C)C6=CC=C(O[*])C=C6)C=C5)C=C4C3=O)=O)=C2)C7=CC([*])=CC=C7C1=O,215
O=C(N1C2=CC=CC(N3C(C4=CC=C(C(C(F)(F)F)(C(F)(F)F)[*])C=C4C3=O)=O)=C2)C5=CC([*])=CC=C5C1=O,297
O=C(N1C2=CC=CC(N3C(C4=CC=C(C([*])=O)C=C4C3=O)=O)=C2)C5=CC([*])=CC=C5C1=O,300
O=C(N1C2=CC=CC(N3C(C4=CC=C(C([*])=O)C=C4C3=O)=O)=C2)C5=CC([*])=CC=C5C1=O,300
O=C(N1C2=CC=CC(N3C(C(OC4=CC=C(C(C)(C)C5=CC=C([*])C=C5)C=C4)=C(Cl)C3=O)=O)=C2)C(Cl)=C([*])C1=O,163
O=C(N1C2=CC=CC(C(C3=CC=CC(N4C(C5=CC=CC(O[*])=C5C4=O)=O)=C3)=O)=C2)C6=C([*])C=CC=C6C1=O,234
O=C(N1C2=CC=CC(C(C3=CC=CC(N4C(C5=CC=C(O[*])C=C5C4=O)=O)=C3)=O)=C2)C6=C([*])C=CC=C6C1=O,243
O=C(N1C2=CC=C(SC3=CC=C(N4C(C5=CC=C(O[*])C=C5C4=O)=O)C=C3)C=C2)C6=CC([*])=CC=C6C1=O,269
O=C(N1C2=CC=C(OC3=CC=CC(OC4=CC=C(N5C(C6=CC=CC(OC7=CC=C(SC8=CC=CC(O[*])=C8)C=C7)=C6C5=O)=O)C=C4)=C3)C=C2)C9=C([*])C=CC=C9C1=O,230
O=C(N1C2=CC=C(OC3=CC=CC(OC4=CC=C(N5C(C6=CC=CC(OC7=CC=C(S(C8=CC=CC(O[*])=C8)(=O)=O)C=C7)=C6C5=O)=O)C=C4)=C3)C=C2)C9=C([*])C=CC=C9C1=O,216
O=C(N1C2=CC=C(OC3=CC=CC(OC4=CC=C(N5C(C6=CC=CC(OC7=CC=C(OC8=CC=CC(O[*])=C8)C=C7)=C6C5=O)=O)C=C4)=C3)C=C2)C9=C([*])C=CC=C9C1=O,198
O=C(N1C2=CC=C(OC3=CC=CC(OC4=CC=C(N5C(C6=CC=CC(OC7=CC=C(O[*])C=C7)=C6C5=O)=O)C=C4)=C3)C=C2)C8=C([*])C=CC=C8C1=O,214
O=C(N1C2=CC=C(OC3=CC=CC(OC4=CC=C(N5C(C6=CC=CC(OC7=CC=C(C8=CC=C(O[*])C=C8)C=C7)=C6C5=O)=O)C=C4)=C3)C=C2)C9=C([*])C=CC=C9C1=O,224
O=C(N1C2=CC=C(OC3=CC=CC(OC4=CC=C(N5C(C6=CC=CC(OC7=CC=C(C(C)(C)C8=CC=CC(O[*])=C8)C=C7)=C6C5=O)=O)C=C4)=C3)C=C2)C9=C([*])C=CC=C9C1=O,202
O=C(N1C2=CC=C(OC3=CC=CC(OC4=CC=C(N5C(C6=CC=C(OC7=CC=CC(O[*])=C7)C=C6C5=O)=O)C=C4)=C3)C=C2)C8=CC([*])=CC=C8C1=O,188
O=C(N1C2=CC=C(OC3=CC=CC(OC4=CC=C(N5C(C6=CC=C(OC7=CC=C(SC8=CC=CC(O[*])=C8)C=C7)C=C6C5=O)=O)C=C4)=C3)C=C2)C9=CC([*])=CC=C9C1=O,219
O=C(N1C2=CC=C(OC3=CC=CC(OC4=CC=C(N5C(C6=CC=C(OC7=CC=C(S(C8=CC=CC(O[*])=C8)(=O)=O)C=C7)C=C6C5=O)=O)C=C4)=C3)C=C2)C9=CC([*])=CC=C9C1=O,194
O=C(N1C2=CC=C(OC3=CC=CC(OC4=CC=C(N5C(C6=CC=C(OC7=CC=C(OC8=CC=CC(O[*])=C8)C=C7)C=C6C5=O)=O)C=C4)=C3)C=C2)C9=CC([*])=CC=C9C1=O,184
O=C(N1C2=CC=C(OC3=CC=CC(OC4=CC=C(N5C(C6=CC=C(OC7=CC=C(C(C)(C)C8=CC=CC(O[*])=C8)C=C7)C=C6C5=O)=O)C=C4)=C3)C=C2)C9=CC([*])=CC=C9C1=O,178
O=C(N1C2=CC=C(OC3=CC=CC(OC4=CC=C(N5C(C6=CC=C([*])C=C6C5=O)=O)C=C4)=C3)C=C2)C7=CC([*])=CC=C7C1=O,211
O=C(N1C2=CC=C(OC3=CC=CC(OC4=CC=C(N5C(C6=CC=C([*])C=C6C5=O)=O)C=C4)=C3)C=C2)C7=C([*])C=CC=C7C1=O,248
O=C(N1C2=CC=C(OC3=CC=CC(OC(C=C4)=CC=C4N5C(C6=CC=CC(OC7=CC=CC(O[*])=C7)=C6C5=O)=O)=C3)C=C2)C8=C([*])C=CC=C8C1=O,193
O=C(N1C2=CC=C(OC3=CC=C(OC4=CC=C(N5C(C6=CC=CC(S[*])=C6C5=O)=O)C=C4)C=C3)C=C2)C7=C([*])C=CC=C7C1=O,250
O=C(N1C2=CC=C(OC3=CC=C(OC4=CC=C(N5C(C6=CC=CC([*])=C6C5=O)=O)C=C4)C=C3)C=C2)C7=C([*])C=CC=C7C1=O,293
O=C(N1C2=CC=C(OC3=CC=C(OC4=CC=C(N5C(C6=CC=C(S[*])C=C6C5=O)=O)C=C4)C=C3)C=C2)C7=CC([*])=CC=C7C1=O,234
O=C(N1C2=CC=C(OC3=CC=C(OC4=CC=C(N5C(C6=CC=C(S[*])C=C6C5=O)=O)C=C4)C=C3)C=C2)C7=C([*])C=CC=C7C1=O,242
O=C(N1C2=CC=C(OC3=CC=C(OC4=CC=C(N5C(C6=CC=C(O[*])C=C6C5=O)=O)C=C4)C=C3)C=C2)C7=CC([*])=CC=C7C1=O,250
O=C(N1C2=CC=C(OC3=CC=C(OC4=CC=C(N5C(C6=CC=C(O[*])C=C6C5=O)=O)C=C4)C=C3)C=C2)C7=CC([*])=CC=C7C1=O,245
O=C(N1C2=CC=C(OC3=CC=C(OC4=CC=C(N5C(C6=CC=C(O[*])C=C6C5=O)=O)C=C4)C=C3)C=C2)C7=C([*])C=CC=C7C1=O,253
O=C(N1C2=CC=C(OC3=CC=C(OC4=CC=C(N5C(C6=CC=C(O[*])C=C6C5=O)=O)C=C4)C(C(C)(C)C)=C3)C=C2)C7=CC([*])=CC=C7C1=O,240
O=C(N1C2=CC=C(OC3=CC=C(OC4=CC=C(N5C(C6=CC=C([*])C=C6C5=O)=O)C=C4)C=C3)C=C2)C7=CC([*])=CC=C7C1=O,257
O=C(N1C2=CC=C(OC3=CC=C(OC4=CC=C(N5C(C6=CC=C([*])C=C6C5=O)=O)C=C4)C=C3)C=C2)C7=C([*])C=CC=C7C1=O,283
O=C(N1C2=CC=C(OC3=CC=C(OC4=CC=C(N5C(C6=C(O[*])C=CC=C6C5=O)=O)C=C4)C=C3)C=C2)C7=C([*])C=CC=C7C1=O,263
O=C(N1C2=CC=C(OC3=CC=C(N4C(C5=CC=CC(S[*])=C5C4=O)=O)C=C3)C=C2)C6=C([*])C=CC=C6C1=O,293
O=C(N1C2=CC=C(OC3=CC=C(N4C(C5=CC=CC(S[*])=C5C4=O)=O)C=C3)C=C2)C6=C([*])C=CC=C6C1=O,281
O=C(N1C2=CC=C(OC3=CC=C(N4C(C5=CC=CC(OC6=CC=CC(O[*])=C6)=C5C4=O)=O)C=C3)C=C2)C7=C([*])C=CC=C7C1=O,226
O=C(N1C2=CC=C(OC3=CC=C(N4C(C5=CC=CC(OC6=CC=C(SC7=CC=CC(O[*])=C7)C=C6)=C5C4=O)=O)C=C3)C=C2)C8=C([*])C=CC=C8C1=O,234
O=C(N1C2=CC=C(OC3=CC=C(N4C(C5=CC=CC(OC6=CC=C(S(C7=CC=CC(O[*])=C7)(=O)=O)C=C6)=C5C4=O)=O)C=C3)C=C2)C8=C([*])C=CC=C8C1=O,267
O=C(N1C2=CC=C(OC3=CC=C(N4C(C5=CC=CC(OC6=CC=C(OC7=CC=CC(O[*])=C7)C=C6)=C5C4=O)=O)C=C3)C=C2)C8=C([*])C=CC=C8C1=O,239
O=C(N1C2=CC=C(OC3=CC=C(N4C(C5=CC=CC(OC6=CC=C(O[*])C=C6)=C5C4=O)=O)C=C3)C=C2)C7=CC([*])=CC=C7C1=O,245
O=C(N1C2=CC=C(OC3=CC=C(N4C(C5=CC=CC(OC6=CC=C(O[*])C=C6)=C5C4=O)=O)C=C3)C=C2)C7=C([*])C=CC=C7C1=O,269
O=C(N1C2=CC=C(OC3=CC=C(N4C(C5=CC=CC(OC6=CC=C(O[*])C=C6)=C5C4=O)=O)C=C3)C=C2)C7=C([*])C=CC=C7C1=O,269
O=C(N1C2=CC=C(OC3=CC=C(N4C(C5=CC=CC(OC6=CC=C(O[*])C=C6)=C5C4=O)=O)C=C3)C=C2)C7=C([*])C=CC=C7C1=O,263
O=C(N1C2=CC=C(OC3=CC=C(N4C(C5=CC=CC(OC6=CC=C(C7=CC=C(O[*])C=C7)C=C6)=C5C4=O)=O)C=C3)C=C2)C8=C([*])C=CC=C8C1=O,277
O=C(N1C2=CC=C(OC3=CC=C(N4C(C5=CC=CC(OC6=CC=C(C(C7=CC=CC(O[*])=C7)=O)C=C6)=C5C4=O)=O)C=C3)C=C2)C8=C([*])C=CC=C8C1=O,252
O=C(N1C2=CC=C(OC3=CC=C(N4C(C5=CC=CC(OC6=CC=C(C(C)(C)C7=CC=CC(O[*])=C7)C=C6)=C5C4=O)=O)C=C3)C=C2)C8=C([*])C=CC=C8C1=O,235
O=C(N1C2=CC=C(OC3=CC=C(N4C(C5=CC=CC(O[*])=C5C4=O)=O)C=C3)C=C2)C6=C([*])C=CC=C6C1=O,295
O=C(N1C2=CC=C(OC3=CC=C(N4C(C5=CC=CC([*])=C5C4=O)=O)C=C3)C=C2)C6=C([*])C=CC=C6C1=O,330
O=C(N1C2=CC=C(OC3=CC=C(N4C(C5=CC=C(S[*])C=C5C4=O)=O)C=C3)C=C2)C6=CC([*])=CC=C6C1=O,266
O=C(N1C2=CC=C(OC3=CC=C(N4C(C5=CC=C(S[*])C=C5C4=O)=O)C=C3)C=C2)C6=CC([*])=CC=C6C1=O,263
O=C(N1C2=CC=C(OC3=CC=C(N4C(C5=CC=C(S[*])C=C5C4=O)=O)C=C3)C=C2)C6=C([*])C=CC=C6C1=O,282
O=C(N1C2=CC=C(OC3=CC=C(N4C(C5=CC=C(S[*])C=C5C4=O)=O)C=C3)C=C2)C6=C([*])C=CC=C6C1=O,269
O=C(N1C2=CC=C(OC3=CC=C(N4C(C5=CC=C(OC6=CC=CC(O[*])=C6)C=C5C4=O)=O)C=C3)C=C2)C7=CC([*])=CC=C7C1=O,209
O=C(N1C2=CC=C(OC3=CC=C(N4C(C5=CC=C(OC6=CC=C(SC7=CC=CC(O[*])=C7)C=C6)C=C5C4=O)=O)C=C3)C=C2)C8=CC([*])=CC=C8C1=O,212
O=C(N1C2=CC=C(OC3=CC=C(N4C(C5=CC=C(OC6=CC=C(S(C7=CC=CC(O[*])=C7)(=O)=O)C=C6)C=C5C4=O)=O)C=C3)C=C2)C8=CC([*])=CC=C8C1=O,260
O=C(N1C2=CC=C(OC3=CC=C(N4C(C5=CC=C(OC6=CC=C(OC7=CC=CC(O[*])=C7)C=C6)C=C5C4=O)=O)C=C3)C=C2)C8=CC([*])=CC=C8C1=O,215
O=C(N1C2=CC=C(OC3=CC=C(N4C(C5=CC=C(OC6=CC=C(O[*])C=C6)C=C5C4=O)=O)C=C3)C=C2)C7=CC([*])=CC=C7C1=O,245
O=C(N1C2=CC=C(OC3=CC=C(N4C(C5=CC=C(OC6=CC=C(O[*])C=C6)C=C5C4=O)=O)C=C3)C=C2)C7=CC([*])=CC=C7C1=O,237
O=C(N1C2=CC=C(OC3=CC=C(N4C(C5=CC=C(OC6=CC=C(O[*])C=C6)C=C5C4=O)=O)C=C3)C=C2)C7=CC([*])=CC=C7C1=O,232
O=C(N1C2=CC=C(OC3=CC=C(N4C(C5=CC=C(OC6=CC=C(C7=CC=C(O[*])C=C7)C=C6)C=C5C4=O)=O)C=C3)C=C2)C8=CC([*])=CC=C8C1=O,229
O=C(N1C2=CC=C(OC3=CC=C(N4C(C5=CC=C(OC6=CC=C(C(C7=CC=CC(O[*])=C7)=O)C=C6)C=C5C4=O)=O)C=C3)C=C2)C8=CC([*])=CC=C8C1=O,210
O=C(N1C2=CC=C(OC3=CC=C(N4C(C5=CC=C(OC6=CC=C(C(C)(C)C7=CC=CC(O[*])=C7)C=C6)C=C5C4=O)=O)C=C3)C=C2)C8=CC([*])=CC=C8C1=O,223
O=C(N1C2=CC=C(OC3=CC=C(N4C(C5=CC=C(O[*])C=C5C4=O)=O)C=C3)C=C2)C6=CC([*])=CC=C6C1=O,270
O=C(N1C2=CC=C(OC3=CC=C(N4C(C5=CC=C(O[*])C=C5C4=O)=O)C=C3)C=C2)C6=CC([*])=CC=C6C1=O,269
O=C(N1C2=CC=C(OC3=CC=C(N4C(C5=CC=C(O[*])C=C5C4=O)=O)C=C3)C=C2)C6=C([*])C=CC=C6C1=O,278
O=C(N1C2=CC=C(OC3=CC=C(N4C(C5=CC=C(C([*])=O)C=C5C4=O)=O)C=C3)C=C2)C6=CC([*])=CC=C6C1=O,290
O=C(N1C2=CC=C(OC3=CC=C(N4C(C5=CC=C(C([*])=O)C=C5C4=O)=O)C=C3)C=C2)C6=CC([*])=CC=C6C1=O,277
O=C(N1C2=CC=C(OC3=CC=C(N4C(C5=CC=C([*])C=C5C4=O)=O)C=C3)C=C2)C6=CC([*])=CC=C6C1=O,262
O=C(N1C2=CC=C(OC3=CC=C(N4C(C5=CC=C([*])C=C5C4=O)=O)C=C3)C=C2)C6=C([*])C=CC=C6C1=O,319
O=C(N1C2=CC=C(OC3=CC=C(N4C(C5=CC(O[*])=CC=C5C4=O)=O)C=C3)C=C2)C6=CC=CC([*])=C6C1=O,278
O=C(N1C2=CC=C(OC3=CC=C(N4C(C5=CC([*])=CC=C5C4=O)=O)C=C3)C=C2)C6=CC=C([*])C=C6C1=O,306
O=C(N1C2=CC=C(OC3=CC=C(N4C(C5=C(O[*])C=CC=C5C4=O)=O)C=C3)C=C2)C6=CC=CC([*])=C6C1=O,295
O=C(N1C2=CC=C(OC3=CC=C(N4C(C5=C([*])C=CC=C5C4=O)=O)C=C3)C=C2)C6=CC=CC([*])=C6C1=O,296
O=C(N1C2=CC=C(OC3=CC=C(N(C4=O)C(C5=C4C=CC(C([*])=O)=C5)=O)C=C3)C=C2)C6=CC=CC([*])=C6C1=O,343
O=C(N1C2=CC=C(OC3=CC=C(N(C4=O)C(C5=C4C=CC(C([*])=O)=C5)=O)C=C3)C=C2)C6=CC=C([*])C=C6C1=O,306
O=C(N1C2=CC=C(OC3=CC=C(C(C)(C4=CC=C(OC5=CC=C(N6C(C7=CC=CC([*])=C7C6=O)=O)C=C5)C=C4)C)C=C3)C=C2)C8=CC=CC([*])=C8C1=O,260
O=C(N1C2=CC=C(OC3=CC=C(C(C)(C4=CC=C(OC5=CC=C(N6C(C7=CC([*])=CC=C7C6=O)=O)C=C5)C=C4)C)C=C3)C=C2)C8=CC=C([*])C=C8C1=O,245
O=C(N1C2=CC=C(OC3=CC(C)=C(OC4=CC=C(N5C(C6=CC=C(O[*])C=C6C5=O)=O)C=C4)C(C)=C3C)C=C2)C7=CC([*])=CC=C7C1=O,261
O=C(N1C2=CC=C(OC3=C(C(C)(C)C)C=C(OC4=CC=C(N5C(C6=CC=C(O[*])C=C6C5=O)=O)C=C4)C(C(C)(C)C)=C3)C=C2)C7=CC([*])=CC=C7C1=O,242
O=C(N1C2=CC=C(N3C(C4=CC=CC(S[*])=C4C3=O)=O)C=C2)C5=C([*])C=CC=C5C1=O,330
O=C(N1C2=CC=C(N3C(C4=CC=C(S[*])C=C4C3=O)=O)C=C2)C5=CC([*])=CC=C5C1=O,319
O=C(N1C2=CC=C(N3C(C4=CC=C(S[*])C=C4C3=O)=O)C=C2)C5=C([*])C=CC=C5C1=O,320
O=C(N1C2=CC=C(N3C(C4=CC=C(O[*])C=C4C3=O)=O)C=C2)C5=CC([*])=CC=C5C1=O,326
O=C(N1C2=CC=C(N3C(C4=CC=C(C(C(F)(F)F)(C(F)(F)F)[*])C=C4C3=O)=O)C=C2)C5=CC([*])=CC=C5C1=O,326
O=C(N1C2=CC=C(N3C(C4=CC=C(C([*])=O)C=C4C3=O)=O)C=C2)C5=CC([*])=CC=C5C1=O,333
O=C(N1C2=CC=C(N3C(C4=CC=C([*])C=C4C3=O)=O)C=C2)C5=CC([*])=CC=C5C1=O,345
O=C(N1C2=CC=C(N3C(C4=CC=C([*])C=C4C3=O)=O)C=C2)C5=C([*])C=CC=C5C1=O,405
O=C(N1C2=CC=C(CC3=CC=C(N4C(C5=CC=CC([*])=C5C4=O)=O)C=C3)C=C2)C6=C([*])C=CC=C6C1=O,311
O=C(N1C2=CC=C(CC3=CC=C(N4C(C5=CC=C(C([*])=O)C=C5C4=O)=O)C=C3)C=C2)C6=CC([*])=CC=C6C1=O,306
O=C(N1C2=CC=C(CC3=CC=C(N4C(C5=CC=C(C([*])=O)C=C5C4=O)=O)C=C3)C=C2)C6=CC([*])=CC=C6C1=O,290
O=C(N1C2=CC=C(CC3=CC=C(N4C(C5=CC=C(C([*])=O)C=C5C4=O)=O)C(C)=C3)C=C2C)C6=CC([*])=CC=C6C1=O,285
O=C(N1C2=CC=C(CC3=CC=C(N4C(C5=CC=C([*])C=C5C4=O)=O)C=C3)C=C2)C6=CC([*])=CC=C6C1=O,308
O=C(N1C2=CC=C(CC3=CC=C(N4C(C5=CC([*])=CC=C5C4=O)=O)C(C)=C3C)C(C)=C2C)C6=CC=C([*])C=C6C1=O,297
O=C(N1C2=CC=C(CC3=CC=C(N4C(C5=CC([*])=CC=C5C4=O)=O)C(C)=C3)C=C2C)C6=CC=C([*])C=C6C1=O,299
O=C(N1C2=CC=C(CC3=CC=C(N4C(C5=C([*])C=CC=C5C4=O)=O)C(C)=C3)C=C2C)C6=CC=CC([*])=C6C1=O,300
O=C(N1C2=CC=C(CC3=CC=C(N4C(C(OC5=CC=C(C(C)(C)C6=CC=C([*])C=C6)C=C5)=C(Cl)C4=O)=O)C=C3)C=C2)C(Cl)=C([*])C1=O,173
O=C(N1C2=CC=C(CC3=CC=C(N4C(C(OC5=CC=C([*])C=C5)=C(Cl)C4=O)=O)C=C3)C=C2)C(Cl)=C([*])C1=O,192
O=C(N1C2=CC=C(CC3=CC=C(N4C(C(OC5=C(Cl)C=C(C(C)(C)C6=CC(Cl)=C([*])C(Cl)=C6)C=C5Cl)=C(Cl)C4=O)=O)C=C3)C=C2)C(Cl)=C([*])C1=O,200
O=C(N1C2=CC=C(CC3=CC=C(C)C(N4C(C5=CC=CC(S[*])=C5C4=O)=O)=C3)C=C2C)C6=C([*])C=CC=C6C1=O,274
O=C(N1C2=CC=C(CC3=CC=C(C)C(N4C(C5=CC=C(S[*])C=C5C4=O)=O)=C3)C=C2C)C6=CC([*])=CC=C6C1=O,250
O=C(N1C2=CC=C(CC3=CC=C(C)C(N4C(C5=CC=C(S[*])C=C5C4=O)=O)=C3)C=C2C)C6=C([*])C=CC=C6C1=O,265
O=C(N1C2=CC=C(CC3=CC=C([*])C(C)=C3)C=C2C)C(C4=C5C(N([*])C4=O)=O)=C(C=C5)C1=O,354
O=C(N1C2=CC=C(CC3=CC=C([*])C(C)=C3)C=C2C)C(C=C(C(N4[*])=O)C(C4=O)=C5)=C5C1=O,274
O=C(N1C2=CC=C(C3=C(C(F)(F)F)C=C(N4C(C5=CC=CC([*])=C5C4=O)=O)C=C3)C(C(F)(F)F)=C2)C6=C([*])C=CC=C6C1=O,343
O=C(N1C2=CC=C(C3=C(C(F)(F)F)C=C(N4C(C5=CC=C([*])C=C5C4=O)=O)C=C3)C(C(F)(F)F)=C2)C6=CC([*])=CC=C6C1=O,287
O=C(N1C2=CC=C(C3(CCCCC3)C4=CC=C(N5C(C6=CC([*])=CC=C6C5=O)=O)C(C)=C4)C=C2C)C7=CC=C([*])C=C7C1=O,305
O=C(N1C2=CC=C(C3(CCCCC3)C4=CC=C(N5C(C6=C([*])C=CC=C6C5=O)=O)C(C)=C4)C=C2C)C7=CC=CC([*])=C7C1=O,300
O=C(N1C2=CC=C(C3(C(C=CC=C4)=C4C5=C3C=CC=C5)C6=CC=C(N7C(C8=CC([*])=CC=C8C7=O)=O)C(C)=C6)C=C2C)C9=CC=C([*])C=C9C1=O,311
O=C(N1C2=CC=C(C3(C(C=CC=C4)=C4C5=C3C=CC=C5)C6=CC=C(N7C(C8=C([*])C=CC=C8C7=O)=O)C(C)=C6)C=C2C)C9=CC=CC([*])=C9C1=O,315
O=C(N1C2=CC=C(C=C2)OC3=CC=C(C=C3)C(C4=CC=C(C=C4)OC5=CC=C(C=C5)[*])(C(F)(F)F)C(F)(F)F)C6=CC(C7=O)=C(C=C6C1=O)C(N7[*])=O,295
O=C(N1C2=CC(OC3=CC=CC(N4C(C5=CC=C(C([*])=O)C=C5C4=O)=O)=C3)=CC=C2)C6=CC([*])=CC=C6C1=O,221
O=C(N1C2=CC(OC3=CC=C(N4C(C5=CC=C(C([*])=O)C=C5C4=O)=O)C=C3)=CC=C2)C6=CC([*])=CC=C6C1=O,252
O=C(N1C2=CC(CC3=CC=CC(N4C(C5=CC=C(C([*])=O)C=C5C4=O)=O)=C3)=CC=C2)C6=CC([*])=CC=C6C1=O,272
O=C(N1C2=CC(CC3=CC=C(N4C(C5=CC=C(C([*])=O)C=C5C4=O)=O)C=C3)=CC=C2)C6=CC([*])=CC=C6C1=O,292
O=C(N1C2=C(CC)C=C(CC3=CC(CC)=C(N4C(C5=CC=C(C([*])=O)C=C5C4=O)=O)C(CC)=C3)C=C2CC)C6=CC([*])=CC=C6C1=O,249
O=C(N1C2=C(CC)C=C(CC3=C(Cl)C(CC)=C(N4C(C5=CC=C(C([*])=O)C=C5C4=O)=O)C(CC)=C3)C(Cl)=C2CC)C6=CC([*])=CC=C6C1=O,300
O=C(N1C2=C(CC)C=C(C)C(N3C(C4=CC=C(C([*])=O)C=C4C3=O)=O)=C2CC)C5=CC([*])=CC=C5C1=O,385
O=C(N1C2=C(C)C=CC(N3C(C4=CC=C(C([*])=O)C=C4C3=O)=O)=C2C)C5=CC([*])=CC=C5C1=O,384
O=C(N1C2=C(C)C=CC(N3C(C4=CC=C(C([*])=O)C=C4C3=O)=O)=C2)C5=CC([*])=CC=C5C1=O,315
O=C(N1C2=C(C)C=C(CC3=CC(C)=C(N4C(C5=CC=C(C([*])=O)C=C5C4=O)=O)C(C)=C3)C=C2C)C6=CC([*])=CC=C6C1=O,309
O=C(N1C2=C(C)C=C(C)C(N3C(C4=CC=C(C([*])=O)C=C4C3=O)=O)=C2C)C5=CC([*])=CC=C5C1=O,398
O=C(N1C2=C(C(C)=C(C(C)=C2C)[*])C)C3=CC4=C(C=C3C1=O)C(C(F)(F)F)(C5=C(O4)C=C6C(C(N(C6=O)[*])=O)=C5)C7=CC=CC=C7,394
O=C(N1[*])C2=C(C1=O)C=C3C(C(N(C4=CC=CC=C4C(C5=CC=C([*])C=C5)=O)C3=O)=O)=C2,321
O=C(N1[*])C2=C(C1=O)C=C3C(C(N(C4=CC=C(OC5=CC=C(C(C(F)(F)F)(C(F)(F)F)C6=CC=C(OC7=CC=C([*])C=C7)C=C6)C=C5)C=C4)C3=O)=O)=C2,310
O=C(N1[*])C2=C(C1=O)C=C3C(C(N(C4=CC=C(OC5=CC=C([*])C=C5)C=C4)C3=O)=O)=C2,361
O=C(N1[*])C2=C(C1=O)C=C3C(C(N(C4=CC=C(C(C5=CC=C([*])C=C5)=O)C=C4)C3=O)=O)=C2,424
O=C(N1[*])C2=C(C1=O)C=C3C(C(N(C4=CC=C(C(C(F)(F)F)(C(F)(F)F)C5=CC=C([*])C=C5)C=C4)C3=O)=O)=C2,345
O=C(N1[*])C2=C(C1=O)C=C3C(C(N(C4=CC(OC5=CC=CC([*])=C5)=CC=C4)C3=O)=O)=C2,287
O=C(N1[*])C2=C(C1=O)C=C3C(C(N(C4=CC(OC5=CC=C(C(C(F)(F)F)(C(F)(F)F)C6=CC=C(OC7=CC=CC([*])=C7)C=C6)C=C5)=CC=C4)C3=O)=O)=C2,218
O=C(N1[*])C2=C(C1=O)C=C3C(C(N(C4=CC(C(C5=CC=CC([*])=C5)=O)=CC=C4)C3=O)=O)=C2,321
O=C(N1[*])C2=C(C1=O)C=C3C(C(N(C4=CC(C(C5=CC=C([*])C=C5)=O)=CC=C4)C3=O)=O)=C2,341
O=C(N1[*])C2=C(C1=O)C=C3C(C(N(C4=CC(C(C(F)(F)F)(C(F)(F)F)C5=CC=CC([*])=C5)=CC=C4)C3=O)=O)=C2,296
O=C(C1=CC2=C(C(N([*])C2=O)=O)C=C13)N(C4=CC=C(P(C5=CC=C([*])C=C5)(C6=CC=CC=C6)=O)C=C4)C3=O,425
O=C(C1=CC2=C(C(N([*])C2=O)=O)C=C13)N(C4=CC=C(OC5=CC=C(P(C6=CC=C(OC7=CC=CC([*])=C7)C=C6)(C8=CC=CC=C8)=O)C=C5)C=C4)C3=O,254
O=C(C1=CC2=C(C(C3=CC=CC=C3)(C(F)(F)F)C4=C(O2)C=C5C(C(N([*])C5=O)=O)=C4)C=C16)N(C7=CC=C(C8=C(OC(F)(F)F)C=C([*])C=C8)C(OC(F)(F)F)=C7)C6=O,400
O=C(C1=CC2=C(C(C3=CC=CC=C3)(C(F)(F)F)C4=C(O2)C=C5C(C(N([*])C5=O)=O)=C4)C=C16)N(C7=CC=C(C8=C(C(F)(F)F)C=C([*])C=C8)C(C(F)(F)F)=C7)C6=O,400
O=C(C1=CC2=C(C(C(F)(F)F)(C(F)(F)F)C3=C(O2)C=C4C(C(N([*])C4=O)=O)=C3)C=C15)N(C6=CC=C(C7=C(OC(F)(F)F)C=C([*])C=C7)C(OC(F)(F)F)=C6)C5=O,375
O=C(C1=CC2=C(C(C(F)(F)F)(C(F)(F)F)C3=C(O2)C=C4C(C(N([*])C4=O)=O)=C3)C=C15)N(C6=CC=C(C7=C(OC(F)(C)F)C=C([*])C=C7)C(OC(F)(C)F)=C6)C5=O,363
O=C(C1=CC2=C(C(C(F)(F)F)(C(F)(F)F)C3=C(O2)C=C4C(C(N([*])C4=O)=O)=C3)C=C15)N(C6=CC=C(C7=C(C(F)(F)F)C=C([*])C=C7)C(C(F)(F)F)=C6)C5=O,420
O=C(C1=CC2=C(C(C(F)(F)F)(C(F)(F)F)C3=C(O2)C=C4C(C(N([*])C4=O)=O)=C3)C=C15)N(C6=CC=C(C7=C([OCF2CFHOC3F3])C=C([*])C=C7)C([OCF2CFHOC3F3])=C6)C5=O,350
O=C(C1=CC=C(C2=CC=C3C(C(N([*])C3=O)=O)=C2)C=C14)N(C5=CC=C(P(C6=CC=C([*])C=C6)(C7=CC=CC=C7)=O)C=C5)C4=O,371
O=C(C1=CC=C(C2=CC=C3C(C(N([*])C3=O)=O)=C2)C=C14)N(C5=CC=C(OC6=CC=C(P(C7=CC=C(OC8=CC=CC([*])=C8)C=C7)(C9=CC=CC=C9)=O)C=C6)C=C5)C4=O,241
O=C(C1=CC=C(C2=CC=C3C(C(N([*])C3=O)=O)=C2)C=C14)N(C5=CC=C(C6=C(OC(F)(F)F)C=C([*])C=C6)C(OC(F)(F)F)=C5)C4=O,335
O=C(C1=CC=C(C2=CC=C3C(C(N([*])C3=O)=O)=C2)C=C14)N(C5=CC=C(C6=C(C(F)(F)F)C=C([*])C=C6)C(C(F)(F)F)=C5)C4=O,330
O=C(C1=CC=C(C2=CC=C(C3=O)C(C(N3[*])=O)=C2)C=C14)N(C5=CC=C([*])C=C5)C4=O,400
O=C(C1=CC=C(C2=CC(C(N3[*])=O)=C(C3=O)C=C2)C=C14)N(C5=CC=CC([*])=C5)C4=O,332
O=C(C1=CC=C(C2=CC(C(N3[*])=O)=C(C3=O)C=C2)C=C14)N(C5=CC=C(OCC(F)(F)C(F)(F)C(F)(F)C(F)(F)C(F)(C(F)(F)C(F)(F)C(F)(F)C(F)(F)C(F)(F)F)F)C([*])=C5)C4=O,230
O=C(C1=CC=C(C2=CC(C(N3[*])=O)=C(C3=O)C=C2)C=C14)N(C5=CC=C(OCC(F)(C(F)(C(F)(F)F)F)F)C([*])=C5)C4=O,300
O=C(C1=CC=C(C2=CC(C(N3[*])=O)=C(C3=O)C=C2)C=C14)N(C5=CC=C(OCC(F)(C(F)(C(F)(C(F)(C(F)(C(F)(F)F)F)F)F)F)F)C([*])=C5)C4=O,262
O=C(C1=CC=C(C2=CC(C(N3[*])=O)=C(C3=O)C=C2)C=C14)N(C5=CC=C(OCC(F)(C(F)(C(F)(C(F)(C(F)(C(F)(C(F)(F)F)F)F)F)F)F)F)C([*])=C5)C4=O,250
O=C(C1=CC=C(C2=CC(C(N3[*])=O)=C(C3=O)C=C2)C=C14)N(C5=CC=C(OC6=CC=C(C(C7=CC=C(OC8=CC=C([*])C=C8)C=C7)(C(F)(F)F)C(F)(F)F)C=C6)C=C5)C4=O,237
O=C(C1=CC=C(C2=CC(C(N3[*])=O)=C(C3=O)C=C2)C=C14)N(C5=CC=C(OC6=CC=C(C(C)(C7=CC=C(OC8=CC=C([*])C=C8)C=C7)C)C=C6)C=C5)C4=O,229
O=C(C1=CC=C(C(C2=CC(C(N3C)=O)=C(C3=O)C=C2)=O)C=C14)N(C(N(C5=O)C(C6=C5C=CC=C6)=O)C[*])C4=O,185
O=C(C1=CC=C(C(C(F)(F)F)(C(F)(F)F)C2=CC(C(N3C)=O)=C(C3=O)C=C2)C=C14)N(C(N(C5=O)C(C6=C5C=CC=C6)=O)C[*])C4=O,175
O=C(C1=CC=C([*])C=C12)N(C3=CC=CC=C3C(C4=CC=CC=C4N5C(C6=CC(C([*])=O)=CC=C6C5=O)=O)=O)C2=O,289
O=C(C1=CC=C([*])C=C12)N(C3=CC=CC=C3C(C4=CC=CC(N5C(C6=CC(C([*])=O)=CC=C6C5=O)=O)=C4)=O)C2=O,259
O=C(C1=CC=C([*])C=C12)N(C3=CC=CC=C3C(C4=CC=C(N5C(C6=CC(C([*])=O)=CC=C6C5=O)=O)C=C4)=O)C2=O,289
O=C(C1=CC=C([*])C=C12)N(C3=CC=CC(OC4=CC=CC(OC5=CC=CC(N6C(C7=CC(O[*])=CC=C7C6=O)=O)=C5)=C4)=C3)C2=O,187
O=C(C1=CC=C([*])C=C12)N(C3=CC=CC(OC4=CC=CC(OC5=CC=CC(N6C(C7=CC(C(C(F)(F)F)(C(F)(F)F)[*])=CC=C7C6=O)=O)=C5)=C4)=C3)C2=O,206
O=C(C1=CC=C([*])C=C12)N(C3=CC=CC(OC4=CC=CC(OC5=CC=CC(N6C(C7=CC([*])=CC=C7C6=O)=O)=C5)=C4)=C3)C2=O,204
O=C(C1=CC=C([*])C=C12)N(C3=CC=CC(N4C(C5=CC(C([*])=O)=CC=C5C4=O)=O)=C3)C2=O,308
O=C(C1=CC=C([*])C=C12)N(C3=CC=CC(N4C(C5=CC(C([*])(C(F)(F)F)C(F)(F)F)=CC=C5C4=O)=O)=C3)C2=O,303
O=C(C1=CC=C([*])C=C12)N(C3=CC=C(S(C4=CC=C(N5C(C6=CC(O[*])=CC=C6C5=O)=O)C=C4)(=O)=O)C=C3)C2=O,310
O=C(C1=CC=C([*])C=C12)N(C3=CC=C(S(C4=CC=C(N5C(C6=CC(C(C(F)(F)F)(C(F)(F)F)[*])=CC=C6C5=O)=O)C=C4)(=O)=O)C=C3)C2=O,336
O=C(C1=CC=C([*])C=C12)N(C3=CC=C(S(C4=CC=C(N5C(C6=CC(C([*])=O)=CC=C6C5=O)=O)C=C4)(=O)=O)C=C3)C2=O,307
O=C(C1=CC=C([*])C=C12)N(C3=CC=C(S(C4=CC=C(N5C(C6=CC([*])=CC=C6C5=O)=O)C=C4)(=O)=O)C=C3)C2=O,330
O=C(C1=CC=C([*])C=C12)N(C3=CC=C(P(C4=CC=C(N5C(C6=CC(O[*])=CC=C6C5=O)=O)C=C4)(C7=CC=CC=C7)=O)C=C3)C2=O,311
O=C(C1=CC=C([*])C=C12)N(C3=CC=C(P(C4=CC=C(N5C(C6=CC(C(C(F)(F)F)(C(F)(F)F)[*])=CC=C6C5=O)=O)C=C4)(C7=CC=CC=C7)=O)C=C3)C2=O,345
O=C(C1=CC=C([*])C=C12)N(C3=CC=C(OCC(F)(F)C(F)(F)C(F)(F)C(F)(F)C(F)(C(F)(F)C(F)(F)C(F)(F)C(F)(F)C(F)(F)F)F)C(N4C(C5=CC(C([*])=O)=CC=C5C4=O)=O)=C3)C2=O,194
O=C(C1=CC=C([*])C=C12)N(C3=CC=C(OCC(F)(F)C(F)(F)C(F)(F)C(F)(F)C(F)(C(F)(F)C(F)(F)C(F)(F)C(F)(F)C(F)(F)F)F)C(N4C(C5=CC(C([*])(C(F)(F)F)C(F)(F)F)=CC=C5C4=O)=O)=C3)C2=O,189
O=C(C1=CC=C([*])C=C12)N(C3=CC=C(OCC(F)(C(F)(C(F)(F)F)F)F)C(N4C(C5=CC(C([*])=O)=CC=C5C4=O)=O)=C3)C2=O,262
O=C(C1=CC=C([*])C=C12)N(C3=CC=C(OCC(F)(C(F)(C(F)(F)F)F)F)C(N4C(C5=CC(C([*])(C(F)(F)F)C(F)(F)F)=CC=C5C4=O)=O)=C3)C2=O,266
O=C(C1=CC=C([*])C=C12)N(C3=CC=C(OCC(F)(C(F)(C(F)(C(F)(C(F)(C(F)(F)F)F)F)F)F)F)C(N4C(C5=CC(C([*])=O)=CC=C5C4=O)=O)=C3)C2=O,229
O=C(C1=CC=C([*])C=C12)N(C3=CC=C(OCC(F)(C(F)(C(F)(C(F)(C(F)(C(F)(F)F)F)F)F)F)F)C(N4C(C5=CC(C([*])(C(F)(F)F)C(F)(F)F)=CC=C5C4=O)=O)=C3)C2=O,228
O=C(C1=CC=C([*])C=C12)N(C3=CC=C(OCC(F)(C(F)(C(F)(C(F)(C(F)(C(F)(C(F)(F)F)F)F)F)F)F)F)C(N4C(C5=CC(C([*])=O)=CC=C5C4=O)=O)=C3)C2=O,223
O=C(C1=CC=C([*])C=C12)N(C3=CC=C(OCC(F)(C(F)(C(F)(C(F)(C(F)(C(F)(C(F)(F)F)F)F)F)F)F)F)C(N4C(C5=CC(C([*])(C(F)(F)F)C(F)(F)F)=CC=C5C4=O)=O)=C3)C2=O,226
O=C(C1=CC=C([*])C=C12)N(C3=CC=C(OC4=CC=CC(OC5=CC=C(N6C(C7=CC(O[*])=CC=C7C6=O)=O)C=C5)=C4)C=C3)C2=O,200
O=C(C1=CC=C([*])C=C12)N(C3=CC=C(OC4=CC=CC(OC5=CC=C(N6C(C7=CC(C(C(F)(F)F)(C(F)(F)F)[*])=CC=C7C6=O)=O)C=C5)=C4)C=C3)C2=O,229
O=C(C1=CC=C([*])C=C12)N(C3=CC=C(OC4=CC=C(P(C5=CC=C(OC6=CC=CC(N7C(C8=CC(O[*])=CC=C8C7=O)=O)=C6)C=C5)(C9=CC=CC=C9)=O)C=C4)C=C3)C2=O,240
O=C(C1=CC=C([*])C=C12)N(C3=CC=C(OC4=CC=C(P(C5=CC=C(OC6=CC=CC(N7C(C8=CC(C(C(F)(F)F)(C(F)(F)F)[*])=CC=C8C7=O)=O)=C6)C=C5)(C9=CC=CC=C9)=O)C=C4)C=C3)C2=O,220
O=C(C1=CC=C([*])C=C12)N(C3=CC=C(OC4=CC=C(P(C5=CC=C(OC6=CC=CC(N7C(C8=CC(C([*])=O)=CC=C8C7=O)=O)=C6)C=C5)(C9=CC=CC=C9)=O)C=C4)C=C3)C2=O,232
O=C(C1=CC=C([*])C=C12)N(C3=CC=C(OC4=CC=C(OC5=CC=C(N6C(C7=CC(O[*])=CC=C7C6=O)=O)C=C5)C=C4)C=C3)C2=O,250
O=C(C1=CC=C([*])C=C12)N(C3=CC=C(OC4=CC=C(OC5=CC=C(N6C(C7=CC([*])=CC=C7C6=O)=O)C=C5)C=C4)C=C3)C2=O,278
O=C(C1=CC=C([*])C=C12)N(C3=CC=C(OC4=CC=C(N5C(C6=CC=C(OC7=CC=C(C=CC=C8)C8=C7C9=C(O[*])C=CC%10=C9C=CC=C%10)C=C6C5=O)=O)C=C4)C=C3)C2=O,274
O=C(C1=CC=C([*])C=C12)N(C3=CC=C(OC4=CC=C(N5C(C6=CC=C(C(OC7=CC=C(C=CC=C8)C8=C7C9=C(OC([*])=O)C=CC%10=C9C=CC=C%10)=O)C=C6C5=O)=O)C=C4)C=C3)C2=O,257
O=C(C1=CC=C([*])C=C12)N(C3=CC=C(OC4=CC=C(N5C(C6=CC=C(C(NC7=CC=C(C=CC=C8)C8=C7C9=C(NC([*])=O)C=CC%10=C9C=CC=C%10)=O)C=C6C5=O)=O)C=C4)C=C3)C2=O,287.8
O=C(C1=CC=C([*])C=C12)N(C3=CC=C(OC4=CC=C(N5C(C6=CC(O[*])=CC=C6C5=O)=O)C=C4)C=C3)C2=O,242
O=C(C1=CC=C([*])C=C12)N(C3=CC=C(OC4=CC=C(N5C(C6=CC(C(O[Si](C)(O[Si](C)(O[Si](C)(C)C)C)C)[*])=CC=C6C5=O)=O)C=C4)C=C3)C2=O,167
O=C(C1=CC=C([*])C=C12)N(C3=CC=C(OC4=CC=C(N5C(C6=CC(C(O[Si](C)(C)C)[*])=CC=C6C5=O)=O)C=C4)C=C3)C2=O,210
O=C(C1=CC=C([*])C=C12)N(C3=CC=C(OC4=CC=C(N5C(C6=CC(C(O)[*])=CC=C6C5=O)=O)C=C4)C=C3)C2=O,250
O=C(C1=CC=C([*])C=C12)N(C3=CC=C(OC4=CC=C(N5C(C6=CC(C(C(F)(F)F)(C(F)(F)F)[*])=CC=C6C5=O)=O)C=C4)C=C3)C2=O,288
O=C(C1=CC=C([*])C=C12)N(C3=CC=C(OC4=CC=C(C(C5=CC=C(OC6=CC=C(N7C(C8=CC(C([*])=O)=CC=C8C7=O)=O)C=C6)C=C5)(C(F)(F)F)C(F)(F)F)C=C4)C=C3)C2=O,236
O=C(C1=CC=C([*])C=C12)N(C3=CC=C(OC4=CC=C(C(C5=CC=C(OC6=CC=C(N7C(C8=CC(C([*])(C(F)(F)F)C(F)(F)F)=CC=C8C7=O)=O)C=C6)C=C5)(C(F)(F)F)C(F)(F)F)C=C4)C=C3)C2=O,234
O=C(C1=CC=C([*])C=C12)N(C3=CC=C(OC4=CC=C(C(C)(C5=CC=C(OC6=CC=C(N7C(C8=CC(C([*])=O)=CC=C8C7=O)=O)C=C6)C=C5)C)C=C4)C=C3)C2=O,206
O=C(C1=CC=C([*])C=C12)N(C3=CC=C(OC4=CC=C(C(C)(C5=CC=C(OC6=CC=C(N7C(C8=CC(C([*])(C(F)(F)F)C(F)(F)F)=CC=C8C7=O)=O)C=C6)C=C5)C)C=C4)C=C3)C2=O,249
O=C(C1=CC=C([*])C=C12)N(C3=CC=C(OC4=CC=C(C(C(F)(F)F)(C(F)(F)F)C5=CC=C(OC6=CC=C(N7C(C8=CC(C(C(F)(F)F)(C(F)(F)F)[*])=CC=C8C7=O)=O)C=C6)C=C5)C=C4)C=C3)C2=O,262
O=C(C1=CC=C([*])C=C12)N(C3=CC=C(OC4=CC=C(C(C(F)(F)F)(C(F)(F)F)C(C=C5)=CC=C5OC6=CC=C(N7C(C8=CC(C([*])(C(F)(F)F)C(F)(F)F)=CC=C8C7=O)=O)C=C6)C=C4)C=C3)C2=O,231.7
O=C(C1=CC=C([*])C=C12)N(C3=CC=C(OC4=C(F)C(F)=C(OC5=CC=C(N6C(C7=CC(C([*])(C(F)(F)F)C(F)(F)F)=CC=C7C6=O)=O)C=C5)C(F)=C4F)C=C3)C2=O,243.8
O=C(C1=CC=C([*])C=C12)N(C3=CC=C(OC4=C(F)C(F)=C(C5=C(F)C(F)=C(OC6=CC=C(N7C(C8=CC(C([*])(C(F)(F)F)C(F)(F)F)=CC=C8C7=O)=O)C=C6)C(F)=C5F)C(F)=C4F)C=C3)C2=O,271.2
O=C(C1=CC=C([*])C=C12)N(C3=CC=C(N4C(C5=CC(C(C(F)(F)F)(C(F)(F)F)[*])=CC=C5C4=O)=O)C=C3F)C2=O,370
O=C(C1=CC=C([*])C=C12)N(C3=CC=C(N4C(C5=CC(C(C(F)(F)F)(C(F)(F)F)[*])=CC=C5C4=O)=O)C=C3C(F)(F)F)C2=O,366
O=C(C1=CC=C([*])C=C12)N(C3=CC=C(N4C(C5=CC(C(C(F)(F)F)(C(F)(F)F)[*])=CC=C5C4=O)=O)C=C3)C2=O,370
O=C(C1=CC=C([*])C=C12)N(C3=CC=C(N4C(C5=CC(C([*])(C(F)(F)F)C(F)(F)F)=CC=C5C4=O)=O)C=C3F)C2=O,370
O=C(C1=CC=C([*])C=C12)N(C3=CC=C(N4C(C5=CC(C([*])(C(F)(F)F)C(F)(F)F)=CC=C5C4=O)=O)C=C3)C2=O,370
O=C(C1=CC=C([*])C=C12)N(C3=CC=C(N4C(C5=CC(C([*])(C(F)(F)F)C(F)(F)F)=CC=C5C4=O)=O)C=C3)C2=O,360
O=C(C1=CC=C([*])C=C12)N(C3=CC=C(CC4=CC=C(N5C(C6=CC=C(C(NC7=CC=C(C=CC=C8)C8=C7C9=C(NC([*])=O)C=CC%10=C9C=CC=C%10)=O)C=C6C5=O)=O)C=C4)C=C3)C2=O,285.4
O=C(C1=CC=C([*])C=C12)N(C3=CC=C(CC4=CC=C(N5C(C6=CC(C([*])=O)=CC=C6C5=O)=O)C=C4)C=C3)C2=O,284
O=C(C1=CC=C([*])C=C12)N(C3=CC=C(C4=C(I)C=C(N5C(C6=CC(C(C(F)(F)F)(C(F)(F)F)[*])=CC=C6C5=O)=O)C=C4)C(I)=C3)C2=O,319
O=C(C1=CC=C([*])C=C12)N(C3=CC=C(C4=C(Cl)C=C(N5C(C6=CC(C(C(F)(F)F)(C(F)(F)F)[*])=CC=C6C5=O)=O)C=C4)C(Cl)=C3)C2=O,336
O=C(C1=CC=C([*])C=C12)N(C3=CC=C(C4=C(C5=CC=CC=C5C(F)(F)F)C=C(N6C(C7=CC(C(C(F)(F)F)(C(F)(F)F)[*])=CC=C7C6=O)=O)C=C4)C(C8=CC=CC=C8C(F)(F)F)=C3)C2=O,289
O=C(C1=CC=C([*])C=C12)N(C3=CC=C(C4=C(C5=CC=CC(C(F)(F)F)=C5)C=C(N6C(C7=CC(C(C(F)(F)F)(C(F)(F)F)[*])=CC=C7C6=O)=O)C=C4)C(C8=CC=CC(C(F)(F)F)=C8)=C3)C2=O,278
O=C(C1=CC=C([*])C=C12)N(C3=CC=C(C4=C(C5=CC=C(C6=CC=CC=C6)C=C5)C=C(N7C(C8=CC(C(C(F)(F)F)(C(F)(F)F)[*])=CC=C8C7=O)=O)C=C4)C(C9=CC=C(C%10=CC=CC=C%10)C=C9)=C3)C2=O,285
O=C(C1=CC=C([*])C=C12)N(C3=CC=C(C4=C(C5=CC=C(C)C=C5)C=C(N6C(C7=CC(C(C(F)(F)F)(C(F)(F)F)[*])=CC=C7C6=O)=O)C=C4)C(C8=CC=C(C)C=C8)=C3)C2=O,286
O=C(C1=CC=C([*])C=C12)N(C3=CC=C(C4=C(C5=CC=C(C(F)(F)F)C=C5)C=C(N6C(C7=CC(C(C(F)(F)F)(C(F)(F)F)[*])=CC=C7C6=O)=O)C=C4)C(C8=CC=C(C(F)(F)F)C=C8)=C3)C2=O,283
O=C(C1=CC=C([*])C=C12)N(C3=CC=C(C4=C(C5=CC(C(F)(F)F)=CC(C(F)(F)F)=C5)C=C(N6C(C7=CC(C(C(F)(F)F)(C(F)(F)F)[*])=CC=C7C6=O)=O)C=C4)C(C8=CC(C(F)(F)F)=CC(C(F)(F)F)=C8)=C3)C2=O,263
O=C(C1=CC=C([*])C=C12)N(C3=CC=C(C4=C(C)C=C(N5C(C6=CC(C(C(F)(F)F)(C(F)(F)F)[*])=CC=C6C5=O)=O)C=C4)C(C)=C3)C2=O,325
O=C(C1=CC=C([*])C=C12)N(C3=CC=C(C4=C(C(F)(F)F)C=C(N5C(C6=CC(S([*])(=O)=O)=CC=C6C5=O)=O)C=C4)C(C(F)(F)F)=C3)C2=O,320
O=C(C1=CC=C([*])C=C12)N(C3=CC=C(C4=C(C(F)(F)F)C=C(N5C(C6=CC(O[*])=CC=C6C5=O)=O)C=C4)C(C(F)(F)F)=C3)C2=O,275
O=C(C1=CC=C([*])C=C12)N(C3=CC=C(C4=C(C(F)(F)F)C=C(N5C(C6=CC(C(C(F)(F)F)(C(F)(F)F)[*])=CC=C6C5=O)=O)C=C4)C(C(F)(F)F)=C3)C2=O,362
O=C(C1=CC=C([*])C=C12)N(C3=CC=C(C4=C(C(F)(F)F)C=C(N5C(C6=CC(C(C(F)(F)F)(C(F)(F)F)[*])=CC=C6C5=O)=O)C=C4)C(C(F)(F)F)=C3)C2=O,335
O=C(C1=CC=C([*])C=C12)N(C3=CC=C(C4=C(C(F)(F)F)C=C(N5C(C6=CC(C(C(F)(F)F)(C(F)(F)F)[*])=CC=C6C5=O)=O)C=C4)C(C(F)(F)F)=C3)C2=O,327
O=C(C1=CC=C([*])C=C12)N(C3=CC=C(C4=C(C(F)(F)F)C=C(N5C(C6=CC(C(C(F)(F)F)(C(F)(F)F)[*])=CC=C6C5=O)=O)C=C4)C(C(F)(F)F)=C3)C2=O,320
O=C(C1=CC=C([*])C=C12)N(C3=CC=C(C4=C(C(F)(F)F)C=C(N5C(C6=CC(C(C(F)(F)F)(C(F)(F)F)[*])=CC=C6C5=O)=O)C=C4)C(C(F)(F)F)=C3)C2=O,315
O=C(C1=CC=C([*])C=C12)N(C3=CC=C(C4=C(C#N)C=C(N5C(C6=CC(C(C(F)(F)F)(C(F)(F)F)[*])=CC=C6C5=O)=O)C=C4)C(C#N)=C3)C2=O,331
O=C(C1=CC=C([*])C=C12)N(C3=CC=C(C4=C(Br)C=C(N5C(C6=CC(C(C(F)(F)F)(C(F)(F)F)[*])=CC=C6C5=O)=O)C=C4)C(Br)=C3)C2=O,329
O=C(C1=CC=C([*])C=C12)N(C3=CC=C(C(OC4=CC=C(C=CC=C5)C5=C4C6=C(OC(C7=CC=C(N8C(C9=CC(C(OC%10=CC=C(C=CC=C%11)C%11=C%10C%12=C(OC([*])=O)C=CC%13=C%12C=CC=C%13)=O)=CC=C9C8=O)=O)C=C7)=O)C=CC%14=C6C=CC=C%14)=O)C=C3)C2=O,266.5
O=C(C1=CC=C([*])C=C12)N(C3=CC=C(C(OC4=CC=C(C=CC=C5)C5=C4C6=C(OC(C7=CC=C(N8C(C9=CC(C([*])=O)=CC=C9C8=O)=O)C=C7)=O)C=CC%10=C6C=CC=C%10)=O)C=C3)C2=O,273.5
O=C(C1=CC=C([*])C=C12)N(C3=CC=C(C(C4=CC=C(N5C(C6=CC(O[*])=CC=C6C5=O)=O)C=C4)=O)C=C3)C2=O,274
O=C(C1=CC=C([*])C=C12)N(C3=CC=C(C(C4=CC=C(N5C(C6=CC(C([*])=O)=CC=C6C5=O)=O)C=C4)=O)C=C3)C2=O,293
O=C(C1=CC=C([*])C=C12)N(C3=CC=C(C(C4=CC=C(N5C(C6=CC(C([*])=O)=CC=C6C5=O)=O)C=C4)=O)C=C3)C2=O,285
O=C(C1=CC=C([*])C=C12)N(C3=CC(S(C4=CC=CC(N5C(C6=CC(O[*])=CC=C6C5=O)=O)=C4)(=O)=O)=CC=C3)C2=O,253
O=C(C1=CC=C([*])C=C12)N(C3=CC(S(C4=CC=CC(N5C(C6=CC(C(C(F)(F)F)(C(F)(F)F)[*])=CC=C6C5=O)=O)=C4)(=O)=O)=CC=C3)C2=O,279
O=C(C1=CC=C([*])C=C12)N(C3=CC(S(C4=CC=CC(N5C(C6=CC(C([*])=O)=CC=C6C5=O)=O)=C4)(=O)=O)=CC=C3)C2=O,273
O=C(C1=CC=C([*])C=C12)N(C3=CC(S(C4=CC=CC(N5C(C6=CC([*])=CC=C6C5=O)=O)=C4)(=O)=O)=CC=C3)C2=O,260
O=C(C1=CC=C([*])C=C12)N(C3=CC(OC4=CC=CC(N5C(C6=CC(O[*])=CC=C6C5=O)=O)=C4)=CC=C3)C2=O,205
O=C(C1=CC=C([*])C=C12)N(C3=CC(OC4=CC=CC(N5C(C6=CC(C(C(F)(F)F)(C(F)(F)F)[*])=CC=C6C5=O)=O)=C4)=CC=C3)C2=O,244
O=C(C1=CC=C([*])C=C12)N(C3=CC(OC4=CC=C(N5C(C6=CC(O[*])=CC=C6C5=O)=O)C=C4)=CC=C3)C2=O,219
O=C(C1=CC=C([*])C=C12)N(C3=CC(OC4=CC=C(C(C(F)(F)F)(C(F)(F)F)C5=CC=C(OC6=CC=CC(N7C(C8=CC(C(C(F)(F)F)(C(F)(F)F)[*])=CC=C8C7=O)=O)=C6)C=C5)C=C4)=CC=C3)C2=O,224
O=C(C1=CC=C([*])C=C12)N(C3=CC(CC4=CC=CC(N5C(C6=CC(C([*])=O)=CC=C6C5=O)=O)=C4)=CC=C3)C2=O,232
O=C(C1=CC=C([*])C=C12)N(C3=CC(C)=C(N4C(C5=CC(C(C(F)(F)F)(C(F)(F)F)[*])=CC=C5C4=O)=O)C=C3C)C2=O,379
O=C(C1=CC=C([*])C=C12)N(C3=CC(C(F)(F)F)=CC(N4C(C5=CC(S([*])(=O)=O)=CC=C5C4=O)=O)=C3)C2=O,310
O=C(C1=CC=C([*])C=C12)N(C3=CC(C(F)(F)F)=CC(N4C(C5=CC(O[*])=CC=C5C4=O)=O)=C3)C2=O,274
O=C(C1=CC=C([*])C=C12)N(C3=CC(C(F)(F)F)=CC(N4C(C5=CC(CC6=CC=CC(C([*])=O)=C6)=CC=C5C4=O)=O)=C3)C2=O,253
O=C(C1=CC=C([*])C=C12)N(C3=CC(C(F)(F)F)=CC(N4C(C5=CC(C(C(F)(F)F)(C(F)(F)F)[*])=CC=C5C4=O)=O)=C3)C2=O,297
O=C(C1=CC=C([*])C=C12)N(C3=CC(C(F)(F)F)=CC(N4C(C5=CC(C([*])=O)=CC=C5C4=O)=O)=C3)C2=O,294
O=C(C1=CC=C([*])C=C12)N(C3=CC(C(F)(F)F)=CC(N4C(C5=CC(C([*])(C(F)(F)F)C(F)(F)F)=CC=C5C4=O)=O)=C3OC(C6=C(F)C(F)=C(F)C(F)=C6F)C7=C(F)C(F)=C(F)C(F)=C7F)C2=O,321.7
O=C(C1=CC=C([*])C=C12)N(C3=CC(C(F)(F)F)=CC(N4C(C5=CC([Si](C)(C)[*])=CC=C5C4=O)=O)=C3)C2=O,263
O=C(C1=CC=C([*])C=C12)N(C3=CC(C(F)(F)F)=CC(N4C(C5=CC([*])=CC=C5C4=O)=O)=C3)C2=O,329
O=C(C1=CC=C([*])C=C12)N(C3=CC(C(F)(F)F)=C(OC4=CC=C(C=CC=C5)C5=C4C6=C(OC7=CC=C(N8C(C9=CC(S[*])=CC=C9C8=O)=O)C=C7C(F)(F)F)C=CC%10=C6C=CC=C%10)C=C3)C2=O,273
O=C(C1=CC=C([*])C=C12)N(C3=CC(C(F)(F)F)=C(OC4=CC=C(C=CC=C5)C5=C4C6=C(OC7=CC=C(N8C(C9=CC(OC%10=CC=C(O[*])C=C%10)=CC=C9C8=O)=O)C=C7C(F)(F)F)C=CC%11=C6C=CC=C%11)C=C3)C2=O,256
O=C(C1=CC=C([*])C=C12)N(C3=CC(C(F)(F)F)=C(N4C(C5=CC(C(C(F)(F)F)(C(F)(F)F)[*])=CC=C5C4=O)=O)C=C3C(F)(F)F)C2=O,365
O=C(C1=CC=C([*])C=C12)N(C3=CC(C(C4=CC=CC(N5C(C6=CC(O[*])=CC=C6C5=O)=O)=C4)=O)=CC=C3)C2=O,239
O=C(C1=CC=C([*])C=C12)N(C3=CC(C(C4=CC=CC(N5C(C6=CC(C([*])=O)=CC=C6C5=O)=O)=C4)=O)=CC=C3)C2=O,264
O=C(C1=CC=C([*])C=C12)N(C3=CC(C(C4=CC=CC(N5C(C6=CC(C([*])=O)=CC=C6C5=O)=O)=C4)=O)=CC=C3)C2=O,257
O=C(C1=CC=C([*])C=C12)N(C3=CC(C(C4=CC=C(N5C(C6=CC(C([*])=O)=CC=C6C5=O)=O)C=C4)=O)=CC=C3)C2=O,282
O=C(C1=CC=C([*])C=C12)N(C3=CC(C(C4=CC=C(N5C(C6=CC(C([*])=O)=CC=C6C5=O)=O)C=C4)=O)=CC=C3)C2=O,277
O=C(C1=CC=C([*])C=C12)N(C3=C(F)C=C(OC4=CC=C(C(C(F)(F)F)(C(F)(F)F)C(C=C5)=CC=C5OC6=CC(F)=C(N7C(C8=CC(C([*])(C(F)(F)F)C(F)(F)F)=CC=C8C7=O)=O)C(F)=C6)C=C4)C=C3F)C2=O,224
O=C(C1=CC=C([*])C=C12)N(C3=C(F)C(F)=C(N4C(C5=CC(C(C(F)(F)F)(C(F)(F)F)[*])=CC=C5C4=O)=O)C(F)=C3F)C2=O,371
O=C(C1=CC=C([*])C=C12)N(C3=C(F)C(F)=C(N4C(C5=CC(C([*])(C(F)(F)F)C(F)(F)F)=CC=C5C4=O)=O)C(F)=C3F)C2=O,380
O=C(C1=CC=C([*])C=C12)N(C3=C(F)C(F)=C(N4C(C5=CC(C([*])(C(F)(F)F)C(F)(F)F)=CC=C5C4=O)=O)C(F)=C3F)C2=O,371
O=C(C1=CC=C([*])C=C12)N(C3=C(F)C(F)=C(C4=C(F)C(F)=C(N5C(C6=CC(C(C(F)(F)F)(C(F)(F)F)[*])=CC=C6C5=O)=O)C(F)=C4F)C(F)=C3F)C2=O,364
O=C(C1=CC=C([*])C=C12)N(C3=C(F)C(F)=C(C4=C(F)C(F)=C(N5C(C6=CC(C([*])(C(F)(F)F)C(F)(F)F)=CC=C6C5=O)=O)C(F)=C4F)C(F)=C3F)C2=O,385
O=C(C1=CC=C([*])C=C12)N(C3=C(F)C(F)=C(C4=C(F)C(F)=C(N5C(C6=CC(C([*])(C(F)(F)F)C(F)(F)F)=CC=C6C5=O)=O)C(F)=C4F)C(F)=C3F)C2=O,364
O=C(C1=CC(C2=O)=C(C(N2C)=O)C=C13)N(C4=CC=C(C5=C(C(F)(F)F)C=C([*])C=C5)C(C(F)(F)F)=C4)C3=O,400
O=C(C1=CC(C2=O)=C(C(N2[*])=O)C=C13)N(C4=CC=C(OC5=CC=C(C(C)(C6=CC=C(OC7=CC=C([*])C=C7)C=C6)C)C=C5)C=C4)C3=O,283
O=C(C1=CC(C2=O)=C(C(N2[*])=O)C=C13)N(C4=CC=C(OC5=CC=C([*])C=C5)C=C4)C3=O,400
O=C(C1=CC(C2=O)=C(C(N2[*])=O)C=C13)N(C4=CC=C(C5=C(C)C=C([*])C=C5)C(C)=C4)C3=O,374
O=C(C1=CC(C2=O)=C(C(N2[*])=O)C=C13)N(C4=CC=C(C5=C(C(F)(F)F)C=C([*])C=C5)C(C(F)(F)F)=C4)C3=O,400
O=C(C1=CC(C2=O)=C(C(N2[*])=O)C=C13)N(C4=CC=C(C5=C(C(F)(F)F)C=C([*])C=C5)C(C(F)(F)F)=C4)C3=O,379
O=C(C1=CC(C2=O)=C(C(N2[*])=O)C=C13)N(C(N(C4=O)C(C5=C4C=CC=C5)=O)C[*])C3=O,190
O=C(C1=CC(C2=O)=C(C(N2[*])=O)C(C(F)(F)F)=C13)N(C4=CC=C(C5=C(C)C=C([*])C=C5)C(C)=C4)C3=O,373
O=C(C1=CC(C2=O)=C(C(N2[*])=O)C(C(F)(F)F)=C13)N(C4=CC=C(C5=C(C(F)(F)F)C=C([*])C=C5)C(C(F)(F)F)=C4)C3=O,373
O=C(C1=CC([*])=CC=C12)N(C3=CC(C(F)(F)F)=CC(N4C(C5=CC=C(OC6=CC=C(SC7=CC=C(O[*])C=C7)C=C6)C=C5C4=O)=O)=C3)C2=O,218
O=C(C1=C(F)C(F)=C([*])C(F)=C12)N(C3=CC=C(C4=C(C(F)(F)F)C=C(N5C(C6=C(F)C(OC7=C(F)C(F)=C(O[*])C(F)=C7F)=C(F)C(F)=C6C5=O)=O)C=C4)C(C(F)(F)F)=C3)C2=O,312
O=C(C1=C(F)C(F)=C([*])C(F)=C12)N(C3=C(F)C(F)=C(SC4=C(F)C(F)=C(N5C(C6=C(F)C(OC7=C(F)C(F)=C(O[*])C(F)=C7F)=C(F)C(F)=C6C5=O)=O)C(F)=C4F)C(F)=C3F)C2=O,278
O=C(C1=C(F)C(F)=C([*])C(F)=C12)N(C3=C(F)C(F)=C(OC4=C(F)C(F)=C(N5C(C6=C(F)C(OC7=C(F)C(F)=C(O[*])C(F)=C7F)=C(F)C(F)=C6C5=O)=O)C(F)=C4F)C(F)=C3F)C2=O,300
O=C(C1=C(F)C(F)=C([*])C(F)=C12)N(C3=C(F)C(F)=C(F)C(N4C(C5=C(F)C(OC6=C(F)C(F)=C(O[*])C(F)=C6F)=C(F)C(F)=C5C4=O)=O)=C3F)C2=O,309
O=C(C1=C(C2=O)C=C(OC3=CC=C(C(C4=CC=C(O[*])C=C4)(C(F)(F)F)C(F)(F)F)C=C3)C=C1)N2CCCCN5C(C6=CC=C([*])C=C6C5=O)=O,180
O=C(C1=C(C2=O)C=C(OC3=CC=C(C(C4=CC=C(O[*])C=C4)(C(F)(F)F)C(F)(F)F)C=C3)C=C1)N2C(C=C5)=CC=C5OC(C=C6)=CC=C6N7C(C8=CC=C([*])C=C8C7=O)=O,196
O=C(C1=C(C2=O)C=C(OC3=CC=C(C(C4=CC=C(O[*])C=C4)(C(F)(F)F)C(F)(F)F)C=C3)C=C1)N2C(C=C5)=CC=C5CC(C=C6)=CC=C6N7C(C8=CC=CC([*])=C8C7=O)=O,224
O=C(C1=C(C2=O)C=C(OC3=CC=C(C(C4=CC=C(O[*])C=C4)(C(F)(F)F)C(F)(F)F)C=C3)C=C1)N2C(C=C5)=CC=C5CC(C=C6)=CC=C6N7C(C8=CC=C([*])C=C8C7=O)=O,230
O=C(C1=C(C2=O)C(OC3=CC=C(O[*])C=C3)=CC=C1)N2C(C=C4)=CC=C4OC(C=C5)=CC=C5N6C(C7=CC=CC([*])=C7C6=O)=O,237
O=C(C1=C(C2=O)C(OC3=CC=C(C(C4=CC=C(O[*])C=C4)(C(F)(F)F)C(F)(F)F)C=C3)=CC=C1)N2C(C=C5)=CC=C5OC(C=C6)=CC=C6N7C(C8=CC=CC([*])=C8C7=O)=O,226
O=C(C1=C(C(F)(F)F)C(C2=O)=C(C(N2[*])=O)C(C(F)(F)F)=C13)N(C4=CC=C(C5=C(C)C=C([*])C=C5)C(C)=C4)C3=O,385
O=C(C1=C(C(F)(F)F)C(C2=O)=C(C(N2[*])=O)C(C(F)(F)F)=C13)N(C4=CC=C(C5=C(C(F)(F)F)C=C([*])C=C5)C(C(F)(F)F)=C4)C3=O,304
Cc1ccc(Cc2ccc(-n3c(=O)c4c(cc5c(c(=O)n(C)c5=O)c4)c3=O)cc2)cc1,339
c12c(ccc(S(c3cc4c(cc3)C(=O)N(c3ccc(Oc5ccc(C)cc5)cc3)C4=O)(=O)=O)c1)C(=O)N(C)C2=O,335
c12c(ccc(Oc3cccc(-c4cc5c(cc4)C(=O)N(c4cccc(C)c4)C5=O)c3)c1)C(=O)N(C)C2=O,224
c12c(ccc(Oc3cccc(-c4cc5c(cc4)C(=O)N(c4ccc(Oc6ccc(C)cc6)cc4)C5=O)c3)c1)C(=O)N(C)C2=O,215
c12c(ccc(Oc3ccc(-c4cc5c(cc4)C(=O)N(c4cccc(C)c4)C5=O)cc3)c1)C(=O)N(C)C2=O,255
c12c(ccc(Oc3ccc(-c4cc5c(cc4)C(=O)N(c4ccc(Oc6ccc(C)cc6)cc4)C5=O)cc3)c1)C(=O)N(C)C2=O,232
c12c(ccc(Oc3ccc(C(C)(c4ccc(Oc5cc6c(cc5)C(=O)N(c5ccccc5C)C6=O)cc4)C)cc3)c1)C(=O)N(C)C2=O,215
c12c(ccc(Oc3ccc(C(C)(c4ccc(Oc5cc6c(cc5)C(=O)N(c5ccc(Oc7ccc(C)cc7)cc5)C6=O)cc4)C)cc3)c1)C(=O)N(C)C2=O,214
c12c(ccc(Oc3ccc(C(C)(c4ccc(Oc5cc6c(cc5)C(=O)N(c5ccc(-c7ccc(C)cc7)cc5)C6=O)cc4)C)cc3)c1)C(=O)N(C)C2=O,215
c12c(ccc(Oc3ccc(C(C)(c4ccc(Oc5cc6c(cc5)C(=O)N(c5ccc(C)cc5)C6=O)cc4)C)cc3)c1)C(=O)N(C)C2=O,225
c12c(ccc(Oc3cc4c(cc3)C(=O)N(c3cccc(C)c3)C4=O)c1)C(=O)N(C)C2=O,313
c12c(ccc(Oc3cc4c(cc3)C(=O)N(c3ccc(Oc5ccc(C)cc5)cc3)C4=O)c1)C(=O)N(C)C2=O,272
c12c(ccc(Oc3cc4c(cc3)C(=O)N(c3ccc(Cc5ccc(C)cc5)cc3)C4=O)c1)C(=O)N(C)C2=O,275
c12c(ccc(Oc3cc4c(cc3)C(=O)N(c3ccc(-c5ccc(C)cc5)cc3)C4=O)c1)C(=O)N(C)C2=O,341
c12c(ccc(Oc3cc4c(cc3)C(=O)N(c3ccc(C)cc3)C4=O)c1)C(=O)N(C)C2=O,342
c12c(ccc(Oc3cc4c(cc3)C(=O)N(c3ccc(C(c5ccc(C)cc5)=O)cc3)C4=O)c1)C(=O)N(C)C2=O,280
c12c(ccc(-c3cc4c(cc3)C(=O)N(c3ccc(Oc5ccc(C)cc5)cc3)C4=O)c1)C(=O)N(C)C2=O,285
c12c(ccc(-c3cc4c(cc3)C(=O)N(c3ccc(C)cc3)C4=O)c1)C(=O)N(C)C2=O,510
c12c(ccc(C(c3cc4c(cc3)C(=O)N(c3cccc(C)c3)C4=O)=O)c1)C(=O)N(C)C2=O,300
c12c(ccc(C(c3cc4c(cc3)C(=O)N(c3cccc(C)c3)C4=O)(C(F)(F)F)C(F)(F)F)c1)C(=O)N(C)C2=O,303
c12c(ccc(C(c3cc4c(cc3)C(=O)N(c3ccc(Oc5ccc(C)cc5)cc3)C4=O)=O)c1)C(=O)N(C)C2=O,293
c12c(ccc(C(c3cc4c(cc3)C(=O)N(c3ccc(Oc5ccc(C)cc5)cc3)C4=O)(C(F)(F)F)C(F)(F)F)c1)C(=O)N(C)C2=O,285
c12c(ccc(C(c3cc4c(cc3)C(=O)N(c3ccc(Cc5ccc(C)cc5)cc3)C4=O)=O)c1)C(=O)N(C)C2=O,296
c12c(ccc(C(c3cc4c(cc3)C(=O)N(c3ccc(Cc5ccc(C)cc5)cc3)C4=O)(C(F)(F)F)C(F)(F)F)c1)C(=O)N(C)C2=O,290
c12c(ccc(C(c3cc4c(cc3)C(=O)N(c3ccc(-c5ccc(C)cc5)cc3)C4=O)=O)c1)C(=O)N(C)C2=O,337
c12c(ccc(C(c3cc4c(cc3)C(=O)N(c3ccc(-c5ccc(C)cc5)cc3)C4=O)(C(F)(F)F)C(F)(F)F)c1)C(=O)N(C)C2=O,337
c12c(ccc(C(c3cc4c(cc3)C(=O)N(c3ccc(C)cc3)C4=O)=O)c1)C(=O)N(C)C2=O,353
c12c(ccc(C(c3cc4c(cc3)C(=O)N(c3ccc(C)cc3)C4=O)(C(F)(F)F)C(F)(F)F)c1)C(=O)N(C)C2=O,339
c12c(ccc(C(c3cc4c(cc3)C(=O)N(c3ccc(C(c5ccc(C)cc5)=O)cc3)C4=O)=O)c1)C(=O)N(C)C2=O,288
c12c(ccc(C(c3cc4c(cc3)C(=O)N(c3ccc(C(c5ccc(C)cc5)=O)cc3)C4=O)(C(F)(F)F)C(F)(F)F)c1)C(=O)N(C)C2=O,311
c12c(ccc([Si](c3cc4c(cc3)C(=O)N(c3ccc(Oc5ccc(C)cc5)cc3)C4=O)(C)C)c1)C(=O)N(C)C2=O,274
c12c(ccc([Si](c3cc4c(cc3)C(=O)N(c3ccc(Cc5ccc(C)cc5)cc3)C4=O)(C)C)c1)C(=O)N(C)C2=O,280
C1(=O)c2c(ccc(Oc3ccc4c(c3)C(=O)N(c3ccc(C)cc3)C4=O)c2)C(=O)N1C,342
C1(=O)c2c(ccc(C(c3ccc4c(c3)C(=O)N(c3ccc(C)cc3)C4=O)=O)c2)C(=O)N1C,333
c1(=O)c2c(c(=O)n1C)cc1c(c(=O)n(-c3cccc(C)c3)c1=O)c2,442
c1(=O)c2c(c(=O)n1C)cc1c(c(=O)n(-c3ccc(Oc4ccc(C)cc4)cc3)c1=O)c2,402
c1(=O)c2c(c(=O)n1C)cc1c(c(=O)n(-c3ccc(Oc4ccc(C)cc4)cc3)c1=O)c2,399
c1(=O)c2c(c(=O)n1C)cc1c(c(=O)n(-c3ccc(-c4ccc(C)cc4)cc3)c1=O)c2,577
c1(=O)c2c(c(=O)n1C)cc1c(c(=O)n(-c3ccc(C)cc3)c1=O)c2,702
c1(=O)c2c(c(=O)n1C)cc1c(c(=O)n(-c3ccc(C(c4ccc(C)cc4)=O)cc3)c1=O)c2,412
c1(=O)c2c(c(=O)n1C)cc1c(c(=O)n(-c3ccc(C(c4ccc(C)cc4)=O)cc3)c1=O)c2,412
[*]C1=CC=C(OC2=CC=C(C=C2)OC3=CC=C(N4C(C(C5=C6C(N([*])C5=O)=O)=C(C=C6)C4=O)=O)C=C3)C=C1,292
[*]C1=CC=C(OC2=CC=C(C=C2)OC3=CC=C(N4C(C(C=C(C(N5[*])=O)C(C5=O)=C6)=C6C4=O)=O)C=C3)C=C1,272
[*]C1=CC=C(C2=O)C(C(N2C3=CC=CC(S(C4=CC=CC(N5C(C6=CC=C(O[*])C=C6C5=O)=O)=C4)(=O)=O)=C3)=O)=C1,253
[*]C1=CC=C(C2=O)C(C(N2C3=CC=CC(C(C4=CC=CC(N5C(C6=CC=C(O[*])C=C6C5=O)=O)=C4)=O)=C3)=O)=C1,235
[*]C1=CC=C(C2=O)C(C(N2C3=CC=C(OC4=CC=C(N5C(C6=CC=C(O[*])C=C6C5=O)=O)C=C4)C=C3)=O)=C1,269
[*]C(C=C1)=CC(OC(F)(F)F)=C1C2=CC=C(N3C(C4=CC(C5=O)=C(C(N5[*])=O)C=C4C3=O)=O)C=C2OC(F)(F)F,363
